Posts Urls,Post Date
https://twitter.com/NordxCrypto/status/1694053097587318973,2023-08-22T18:25:07.000Z
https://twitter.com/theflash_crypto/status/1692502853158674449,2023-08-18T11:45:00.000Z
https://twitter.com/BTCTN/status/1692159347416056148,2023-08-17T13:00:01.000Z
https://twitter.com/globiance/status/1693849388232450347,2023-08-22T04:55:39.000Z
https://twitter.com/bibson_72/status/1691230756691984384,2023-08-14T23:30:08.000Z
https://twitter.com/nikichain/status/1692835872503210107,2023-08-19T09:48:18.000Z
https://twitter.com/CryptoTony__/status/1691323834861805568,2023-08-15T05:40:00.000Z
https://twitter.com/FireblocksHQ/status/1692537335446147226,2023-08-18T14:02:01.000Z
https://twitter.com/Rypto__/status/1690707135414280192,2023-08-13T12:49:27.000Z
https://twitter.com/AntonyWelfare/status/1692820524756246934,2023-08-19T08:47:18.000Z
https://twitter.com/Jamie1Coutts/status/1692132357837566191,2023-08-19T00:33:13.000Z
https://twitter.com/AntonyWelfare/status/1691407097248849920,2023-08-17T11:12:47.000Z
https://twitter.com/CrypticWeb3_/status/1693883871706628185,2023-08-15T11:10:51.000Z
https://twitter.com/stablecoinada/status/1691056479233564672,2023-08-14T11:57:37.000Z
https://twitter.com/CheekyCrypto/status/1694205406497706424,2023-08-23T04:30:20.000Z
https://twitter.com/ddisparte/status/1691933425148526796,2023-08-16T22:02:17.000Z
https://twitter.com/SkyDeck_Cal/status/1694035219094045127,2023-08-22T17:14:04.000Z
https://twitter.com/stablecoinada/status/1693910186266710442,2023-08-22T08:57:14.000Z
https://twitter.com/Smokeyjoethepi1/status/1693889338969301125,2023-08-22T07:34:24.000Z
https://twitter.com/thecrypto_dave/status/1693213313545466221,2023-07-20T08:43:05.000Z
https://twitter.com/TrustWallet/status/1693626312932442608,2023-08-20T10:48:06.000Z
https://twitter.com/beneficialstorm/status/1693103556897993035,2023-08-21T14:09:13.000Z
https://twitter.com/stablecoinada/status/1692876441371734505,2023-08-20T03:31:58.000Z
https://twitter.com/Barleska11/status/1692527140703486192,2023-08-19T12:29:30.000Z
https://twitter.com/stablecoinada/status/1691740894465065264,2023-08-16T09:17:14.000Z
https://twitter.com/crypticbandito/status/1694025955281449046,2023-08-22T16:37:15.000Z
https://twitter.com/CryptoWinds1/status/1693511314155676092,2023-08-22T14:08:50.000Z
https://twitter.com/HyperZoneio/status/1691503407469846528,2023-08-21T06:32:15.000Z
https://twitter.com/TiTiProtocol/status/1691032396655984640,2023-08-14T10:21:55.000Z
https://twitter.com/GRV_Listing/status/1691253102131752961,2023-08-15T00:58:56.000Z
https://twitter.com/stablecoinada/status/1691132034188562439,2023-08-14T16:57:51.000Z
https://twitter.com/zarosfi/status/1692157011230626005,2023-08-17T12:50:44.000Z
https://twitter.com/esatoshiclub/status/1694012769266282983,2023-08-22T15:44:52.000Z
https://twitter.com/coinbold_io/status/1693973523059151105,2023-08-22T13:08:55.000Z
https://twitter.com/BlitzzTrading/status/1693206048323088424,2023-08-20T10:19:14.000Z
https://twitter.com/akurefirstson/status/1691320336141205504,2023-08-15T05:26:06.000Z
https://twitter.com/TOGRP7/status/1693128476289905013,2023-08-20T05:11:00.000Z
https://twitter.com/stablecoinada/status/1692454708961538219,2023-08-18T08:33:41.000Z
https://twitter.com/nho82897178/status/1692505181114741110,2023-08-18T11:54:15.000Z
https://twitter.com/jonathanxjason/status/1692302148372185476,2023-08-17T22:27:28.000Z
https://twitter.com/stablecoinada/status/1691578499130159436,2023-08-15T22:31:56.000Z
https://twitter.com/AlnerJosh/status/1691754958960406745,2023-08-16T10:13:08.000Z
https://twitter.com/0xbizcrypto/status/1692113658191745133,2023-08-17T09:58:28.000Z
https://twitter.com/BrickkenSTO/status/1691469445435437056,2023-08-15T15:18:36.000Z
https://twitter.com/xZAR_SA/status/1693904144707301490,2023-08-22T08:33:13.000Z
https://twitter.com/ThinkingCrypto1/status/1691436436984156160,2023-08-15T13:07:26.000Z
https://twitter.com/singularity7x/status/1693734605575119102,2023-08-21T21:19:32.000Z
https://twitter.com/tip_cc/status/1693986479960400000,2023-08-21T20:47:39.000Z
https://twitter.com/RehalMujawar/status/1691157085541797893,2023-08-22T14:00:24.000Z
https://twitter.com/stablecoinada/status/1693563512059052509,2023-08-14T18:37:24.000Z
https://twitter.com/BTCTN/status/1692734376319082831,2023-08-19T03:04:59.000Z
https://twitter.com/sneighkamoto/status/1691368622755643392,2023-08-15T08:37:58.000Z
https://twitter.com/BTCTN/status/1691729832768393374,2023-08-16T08:33:17.000Z
https://twitter.com/blockchainrptr/status/1692193113085816925,2023-08-17T15:14:12.000Z
https://twitter.com/AllFactsCrypto/status/1691015521079021568,2023-08-14T09:14:52.000Z
https://twitter.com/FDLabsHQ/status/1691365328578912256,2023-08-15T08:24:53.000Z
https://twitter.com/stablecoinada/status/1693733042815189482,2023-08-21T21:13:20.000Z
https://twitter.com/Satoshi_Talks/status/1693882514899644502,2023-08-22T07:07:17.000Z
https://twitter.com/BinanceResearch/status/1692497030143234440,2023-08-18T11:21:51.000Z
https://twitter.com/BTCTN/status/1691593921887875491,2023-08-15T23:33:13.000Z
https://twitter.com/GreenTechAuto/status/1693769299763073216,2023-08-21T23:37:24.000Z
https://twitter.com/DigPerspectives/status/1691787064117731409,2023-08-21T22:56:40.000Z
https://twitter.com/BNDRCoin/status/1693893886303772762,2023-08-16T12:20:42.000Z
https://twitter.com/poseiswap/status/1693885871185932688,2023-08-16T12:10:29.000Z
https://twitter.com/ASAgemsALGO/status/1693767012537815221,2023-08-21T23:28:19.000Z
https://twitter.com/Crypto_golds/status/1693037600477425865,2023-08-05T20:43:45.000Z
https://twitter.com/sneighkamoto/status/1691745390150771013,2023-08-19T23:09:53.000Z
https://twitter.com/ThinkingCrypto1/status/1693804788784181537,2023-08-22T01:58:25.000Z
https://twitter.com/BTCTN/status/1692598472615068005,2023-08-18T18:04:57.000Z
https://twitter.com/Block_Savvy/status/1693628315133784374,2023-08-21T14:17:11.000Z
https://twitter.com/agilely_io/status/1693905625875681577,2023-08-22T08:39:07.000Z
https://twitter.com/Crypto_Jeeper/status/1694027227405463689,2023-08-22T08:08:51.000Z
https://twitter.com/crypt0bank/status/1690543975521038336,2023-08-22T16:42:19.000Z
https://twitter.com/FantomApeTalks/status/1693718271441371277,2023-08-22T02:09:29.000Z
https://twitter.com/akurefirstson/status/1691320343338549248,2023-08-13T02:01:07.000Z
https://twitter.com/VS_Research_/status/1692159388986093754,2023-08-21T20:14:38.000Z
https://twitter.com/richardturrin/status/1692869545919197509,2023-08-21T20:08:05.000Z
https://twitter.com/Indigo_protocol/status/1691124503546572800,2023-08-14T16:27:55.000Z
https://twitter.com/brett_lopez18/status/1694138602622710022,2023-08-14T11:12:54.000Z
https://twitter.com/Edelcoin1/status/1690966482354880512,2023-08-23T00:04:53.000Z
https://twitter.com/bacuong87/status/1693077620345475259,2023-08-14T06:00:00.000Z
https://twitter.com/TOGRP7/status/1691596380995785035,2023-08-20T01:48:55.000Z
https://twitter.com/stablecoinada/status/1693991506200395861,2023-08-15T23:43:00.000Z
https://twitter.com/MehenOfficial/status/1691481441371049984,2023-08-22T14:20:22.000Z
https://twitter.com/thecryptobasic/status/1693582899486892179,2023-08-15T16:06:16.000Z
https://twitter.com/BTCTN/status/1692266257058242916,2023-08-17T20:04:51.000Z
https://twitter.com/blockchainrptr/status/1693916563110326291,2023-08-22T09:22:34.000Z
https://twitter.com/Tam259324557/status/1693883921073889717,2023-08-22T07:12:52.000Z
https://twitter.com/BushOrangutan/status/1693769213419393458,2023-08-21T23:37:03.000Z
https://twitter.com/stabolut/status/1693987310646567164,2023-08-22T14:03:42.000Z
https://twitter.com/bumperfinance/status/1693645216345989328,2023-08-21T15:24:20.000Z
https://twitter.com/DigiEuro/status/1693503196378042782,2023-08-21T06:00:00.000Z
https://twitter.com/stablecoinada/status/1693613687418831199,2023-08-21T13:19:03.000Z
https://twitter.com/Virtue_Money/status/1691789360163660109,2023-08-16T12:29:50.000Z
https://twitter.com/paulbarrontv/status/1692242691499651506,2023-08-17T18:31:12.000Z
https://twitter.com/CoinMarketCap/status/1691517612260220928,2023-08-15T18:30:00.000Z
https://twitter.com/BTCTN/status/1692402161911550320,2023-08-18T05:04:53.000Z
https://twitter.com/TheCardanoTimes/status/1691715403477594576,2023-08-16T07:35:57.000Z
https://twitter.com/Cryptointerface/status/1690663747319115778,2023-08-13T09:57:03.000Z
https://twitter.com/MelvinSH96/status/1691778309703586083,2023-08-16T11:45:55.000Z
https://twitter.com/nho82897178/status/1692501460708430006,2023-08-16T11:41:02.000Z
https://twitter.com/TOGRP7/status/1692674969246036017,2023-08-18T11:39:28.000Z
https://twitter.com/Rasputin552/status/1691742995245068354,2023-08-18T23:08:55.000Z
https://twitter.com/aquaprotocolxyz/status/1691005870887284739,2023-08-16T09:25:35.000Z
https://twitter.com/stablecoinada/status/1691414415772372996,2023-08-14T08:36:31.000Z
https://twitter.com/Adscendo_fi/status/1692180131014717875,2023-08-15T11:39:56.000Z
https://twitter.com/aquaprotocolxyz/status/1691174442716614656,2023-08-14T19:46:22.000Z
https://twitter.com/dipo_bitfinity/status/1691771390087590076,2023-08-16T11:18:25.000Z
https://twitter.com/Demon_Chain/status/1692058917713625367,2023-08-16T10:24:42.000Z
https://twitter.com/rtguillon/status/1692560375667933605,2023-08-17T06:20:57.000Z
https://twitter.com/MichaelDThor/status/1691891022299631985,2023-08-18T15:33:34.000Z
https://twitter.com/BTCTN/status/1691880740202348597,2023-08-16T19:13:48.000Z
https://twitter.com/thecryptobasic/status/1692816416670617922,2023-08-16T18:32:56.000Z
https://twitter.com/CryptosignalsO/status/1692842204161564730,2023-08-19T08:30:59.000Z
https://twitter.com/AlisCryptos/status/1693984377418698926,2023-08-22T13:52:02.000Z
https://twitter.com/Twnkle_toes_/status/1694014873431154941,2023-08-22T15:53:13.000Z
https://twitter.com/cryptonewsland/status/1693895493594513740,2023-08-22T07:58:51.000Z
https://twitter.com/BlitzzTrading/status/1694233397659418799,2023-08-23T06:21:33.000Z
https://twitter.com/bibson_72/status/1691230782608621568,2023-08-14T23:30:14.000Z
https://twitter.com/BankToTheFuture/status/1693992636548624641,2023-08-22T14:24:52.000Z
https://twitter.com/nho82897178/status/1693674360857559202,2023-08-21T17:20:09.000Z
https://twitter.com/CryptoCrash23/status/1691541756515610624,2023-08-15T20:05:56.000Z
https://twitter.com/moon_crypto_/status/1690631530480328704,2023-08-13T07:49:01.000Z
https://twitter.com/taskmaster4450/status/1691430046429253632,2023-08-15T12:42:02.000Z
https://twitter.com/blockchainrptr/status/1693735230740246703,2023-08-21T21:22:01.000Z
https://twitter.com/AllFactsCrypto/status/1690607684171583488,2023-08-13T06:14:16.000Z
https://twitter.com/stablecoinada/status/1692122537176567962,2023-08-17T10:33:45.000Z
https://twitter.com/ThaCryptoGeek/status/1693783191524421823,2023-08-22T00:32:36.000Z
https://twitter.com/Demon_Chain/status/1692771720376307768,2023-08-19T05:33:22.000Z
https://twitter.com/CoinGapeMedia/status/1693854911501627668,2023-08-22T05:17:35.000Z
https://twitter.com/Swapzone_io/status/1691426360386863105,2023-08-15T12:27:24.000Z
https://twitter.com/BarnettMsiska/status/1693695723731071417,2023-08-21T18:45:02.000Z
https://twitter.com/DigPerspectives/status/1692224056911671431,2023-08-17T17:17:09.000Z
https://twitter.com/stablecoinada/status/1690800034457980928,2023-08-17T16:49:36.000Z
https://twitter.com/Edelcoin1/status/1692448092824498229,2023-08-13T18:58:36.000Z
https://twitter.com/Pe_talz/status/1693991330576499026,2023-08-18T08:07:24.000Z
https://twitter.com/decryptosector/status/1692570686584463684,2023-08-22T14:19:40.000Z
https://twitter.com/DeJesusMorrobel/status/1693796977815773427,2023-08-22T01:27:23.000Z
https://twitter.com/vittondale/status/1691435334238945280,2023-08-15T13:03:03.000Z
https://twitter.com/StraitsX/status/1692028985784561922,2023-08-17T04:22:01.000Z
https://twitter.com/MetaTalksMedia/status/1691596656175706468,2023-08-15T23:44:05.000Z
https://twitter.com/trondao/status/1692295374382260727,2023-08-17T22:00:33.000Z
https://twitter.com/cryptotunities/status/1693876834931240960,2023-08-22T06:44:42.000Z
https://twitter.com/KrwnCryptoCaves/status/1693328371881582626,2023-08-20T18:25:19.000Z
https://twitter.com/Maw34984/status/1693415869907419310,2023-08-21T00:13:00.000Z
https://twitter.com/stablecoinada/status/1691777082735427766,2023-08-16T11:41:02.000Z
https://twitter.com/BetterMarkets/status/1693971287863923193,2023-08-22T13:00:02.000Z
https://twitter.com/we_r_more/status/1691796218467237941,2023-08-16T12:57:05.000Z
https://twitter.com/brian_laverdure/status/1693975125958242364,2023-08-22T13:15:17.000Z
https://twitter.com/giottus/status/1693624546216063050,2023-08-21T14:02:12.000Z
https://twitter.com/MinusWells/status/1691312893357363200,2023-08-15T04:56:31.000Z
https://twitter.com/decryptosector/status/1691141898982064128,2023-08-14T17:37:03.000Z
https://twitter.com/Cryptonite_TV/status/1693207669354401913,2023-08-20T10:25:41.000Z
https://twitter.com/CryptoMoney29/status/1691285344652763136,2023-08-15T03:07:03.000Z
https://twitter.com/vittondale/status/1691466163770023936,2023-08-15T15:05:34.000Z
https://twitter.com/Block_Savvy/status/1693628089975116001,2023-08-21T14:16:17.000Z
https://twitter.com/TimR614/status/1691747837111926910,2023-08-16T09:44:50.000Z
https://twitter.com/BlockzeitE/status/1694153153124679777,2023-08-23T01:02:42.000Z
https://twitter.com/sysopai/status/1693828603342160086,2023-08-22T03:33:03.000Z
https://twitter.com/Block_Savvy/status/1693628299749052846,2023-08-21T14:17:07.000Z
https://twitter.com/Deek_47/status/1691837923769880588,2023-08-16T15:42:48.000Z
https://twitter.com/MyFiscalFitness/status/1692566397438615778,2023-08-18T15:57:30.000Z
https://twitter.com/ChaingatewayIO/status/1693628009939382593,2023-08-21T14:15:58.000Z
https://twitter.com/Hydra0x1/status/1694180170704261461,2023-08-23T02:50:03.000Z
https://twitter.com/Coin_pri/status/1691023856582926336,2023-08-14T09:47:59.000Z
https://twitter.com/crytochino/status/1693787833465765930,2023-08-22T00:51:03.000Z
https://twitter.com/Luminium_Coin/status/1693732144827244595,2023-08-21T21:09:46.000Z
https://twitter.com/norbertgehrke/status/1692723526325969074,2023-08-19T02:21:52.000Z
https://twitter.com/SeanoftheWoke/status/1692095521304072371,2023-08-17T08:46:24.000Z
https://twitter.com/Virtue_Money/status/1691433389713244161,2023-08-17T07:40:08.000Z
https://twitter.com/BaseAdvocates/status/1693982379432677615,2023-08-15T12:55:20.000Z
https://twitter.com/nho82897178/status/1692487609749217401,2023-08-22T13:44:06.000Z
https://twitter.com/yeksoon/status/1691342180424794112,2023-08-18T10:44:25.000Z
https://twitter.com/MZaeemNasir/status/1692327528541614388,2023-08-18T00:08:19.000Z
https://twitter.com/hashpenguin_nft/status/1693885664721506329,2023-08-22T07:19:48.000Z
https://twitter.com/HayvnResearch/status/1691353948135788544,2023-08-22T07:12:52.000Z
https://twitter.com/Iam_ogomzz/status/1691506482510962704,2023-08-15T07:39:39.000Z
https://twitter.com/OneCommunityAda/status/1690830269417197569,2023-08-15T17:45:46.000Z
https://twitter.com/CryptosWith/status/1691560895560970597,2023-08-07T08:20:09.000Z
https://twitter.com/MooMooMarkets/status/1693747742349168689,2023-08-13T20:58:44.000Z
https://twitter.com/DeFiBloke/status/1693792113484542348,2023-08-15T21:21:59.000Z
https://twitter.com/DarrenEwers/status/1691715165559873701,2023-08-16T07:35:00.000Z
https://twitter.com/Mikel_1892/status/1692495789866528929,2023-08-18T11:16:56.000Z
https://twitter.com/stablecoinada/status/1692290210132860994,2023-08-17T21:40:01.000Z
https://twitter.com/Tahseenconsult/status/1691732532956389657,2023-08-16T08:44:01.000Z
https://twitter.com/buktrips/status/1691747675446587881,2023-08-16T09:44:11.000Z
https://twitter.com/CryptoFabriek/status/1692800826291655129,2023-08-19T07:29:02.000Z
https://twitter.com/svdaily99/status/1692972433920147604,2023-08-19T18:50:56.000Z
https://twitter.com/NathalieEpron/status/1693856634756374959,2023-08-22T05:24:26.000Z
https://twitter.com/Virtue_Money/status/1692175112076980653,2023-08-17T14:02:40.000Z
https://twitter.com/BigBagBoyAlts/status/1693965153036017678,2023-08-22T12:35:39.000Z
https://twitter.com/ddisparte/status/1691565820256636970,2023-08-15T21:41:33.000Z
https://twitter.com/bumperfinance/status/1691721684141908078,2023-08-15T21:34:39.000Z
https://twitter.com/koinhopper/status/1693797529228620123,2023-08-16T08:00:54.000Z
https://twitter.com/adiniculescu/status/1691882041510437249,2023-08-22T01:29:34.000Z
https://twitter.com/V_TBot/status/1691883793869861249,2023-08-16T18:38:07.000Z
https://twitter.com/LedgerInsights/status/1691378926625423362,2023-08-16T18:45:04.000Z
https://twitter.com/bxdoan/status/1690574797267521536,2023-08-13T04:03:35.000Z
https://twitter.com/stocktradersco/status/1693635921491439913,2023-08-21T14:47:24.000Z
https://twitter.com/wilsonsonsini/status/1694056520034721981,2023-08-22T18:38:43.000Z
https://twitter.com/CLC_Partners/status/1692914345397669903,2023-08-19T15:00:07.000Z
https://twitter.com/Ortex_OS/status/1693473453490184640,2023-08-21T04:01:49.000Z
https://twitter.com/chewcheekheong/status/1693360226886725849,2023-08-20T20:31:53.000Z
https://twitter.com/BakosRbert12/status/1693309256231976978,2023-08-20T17:09:21.000Z
https://twitter.com/decryptosector/status/1692840592307593515,2023-08-19T10:07:03.000Z
https://twitter.com/ChaingatewayIO/status/1692276705396719891,2023-08-17T20:46:22.000Z
https://twitter.com/AbramovsJurijs/status/1693533981239558601,2023-08-21T08:02:20.000Z
https://twitter.com/RealCoinGeek_IN/status/1692068752420974615,2023-08-17T07:00:02.000Z
https://twitter.com/FSCDems/status/1692523993155371199,2023-08-18T13:09:00.000Z
https://twitter.com/crypto__mak/status/1691335072354566144,2023-08-15T06:24:39.000Z
https://twitter.com/Block_Savvy/status/1691373626430312448,2023-08-15T08:57:51.000Z
https://twitter.com/decryptosector/status/1691578775300087894,2023-08-15T22:33:02.000Z
https://twitter.com/ChaingatewayIO/status/1692182045814915425,2023-08-17T14:30:13.000Z
https://twitter.com/decryptosector/status/1692306323642409459,2023-08-17T22:44:03.000Z
https://twitter.com/Coinyex_com/status/1691286081222873088,2023-08-15T03:09:58.000Z
https://twitter.com/highstakes/status/1693035213083820469,2023-08-19T23:00:24.000Z
https://twitter.com/OfficialBYAS/status/1691749423582224894,2023-08-16T09:51:08.000Z
https://twitter.com/AtkiKizil/status/1692974376105250842,2023-08-19T18:58:39.000Z
https://twitter.com/V_TBot/status/1693797525638221832,2023-08-22T01:29:34.000Z
https://twitter.com/_Sm0k1nJ03_/status/1690901124935757824,2023-08-14T01:40:18.000Z
https://twitter.com/AtkiKizil/status/1692919118100345318,2023-08-19T15:19:05.000Z
https://twitter.com/Kurdcoin/status/1690743879023112192,2023-08-13T15:15:27.000Z
https://twitter.com/Ortex_OS/status/1693145171054014868,2023-08-20T06:17:20.000Z
https://twitter.com/21e6_Digital/status/1691343973690769408,2023-08-15T07:00:01.000Z
https://twitter.com/VelasCommerce/status/1692185927517434114,2023-08-17T14:45:39.000Z
https://twitter.com/KenFungsional/status/1692656566263287864,2023-08-18T21:55:48.000Z
https://twitter.com/AlexMittermeier/status/1693877825466425672,2023-08-22T06:48:38.000Z
https://twitter.com/KenFungsional/status/1692643893073109249,2023-08-18T21:05:26.000Z
https://twitter.com/sap_trainer/status/1692278688404963633,2023-08-17T20:54:14.000Z
https://twitter.com/DarkSoul_Goku/status/1691126635599417345,2023-08-14T16:36:24.000Z
https://twitter.com/crypptoholix/status/1691763548941127727,2023-08-16T10:47:16.000Z
https://twitter.com/DeFiBloke/status/1691744882082406539,2023-08-16T09:33:05.000Z
https://twitter.com/crypto__mak/status/1692821479229174193,2023-08-19T08:51:06.000Z
https://twitter.com/KunalB06/status/1691523501000388613,2023-08-15T18:53:24.000Z
https://twitter.com/btc_pulse_/status/1691389629025452032,2023-08-15T10:01:26.000Z
https://twitter.com/coinscreed/status/1691152590875262976,2023-08-14T18:19:32.000Z
https://twitter.com/CoinXposure/status/1691379968947941376,2023-08-15T09:23:03.000Z
https://twitter.com/hdlf/status/1690753074103570432,2023-08-13T15:52:00.000Z
https://twitter.com/CryptoAmb/status/1691390024548274176,2023-08-15T10:03:01.000Z
https://twitter.com/NebeusWorld/status/1691022314152849409,2023-08-14T09:41:52.000Z
https://twitter.com/Luminium_Coin/status/1692659526741188694,2023-08-18T22:07:33.000Z
https://twitter.com/ChaingatewayIO/status/1692799925975761356,2023-08-19T07:25:27.000Z
https://twitter.com/crypto__mak/status/1691290535955419137,2023-08-15T03:27:41.000Z
https://twitter.com/SkylineOTC/status/1691827158317228199,2023-08-16T15:00:01.000Z
https://twitter.com/TiTiProtocol/status/1691399590757695488,2023-08-15T10:41:01.000Z
https://twitter.com/StanleyEpstein/status/1690571950064611329,2023-08-13T03:52:16.000Z
https://twitter.com/Huy_tino_Huy/status/1692752414544425248,2023-08-19T04:16:40.000Z
https://twitter.com/Metaverse_Hub/status/1691056574125473793,2023-08-14T11:58:00.000Z
https://twitter.com/mandsforrever/status/1692778308780310765,2023-08-19T05:59:33.000Z
https://twitter.com/franco36021250/status/1692767098559197234,2023-08-19T05:15:01.000Z
https://twitter.com/V_TBot/status/1691749655913406779,2023-08-16T09:52:03.000Z
https://twitter.com/chewcheekheong/status/1692823078265553333,2023-08-19T08:57:27.000Z
https://twitter.com/stocktradersco/status/1693976664194339074,2023-08-22T13:21:23.000Z
https://twitter.com/sonsuzantikor/status/1692593927109447954,2023-08-18T17:46:53.000Z
https://twitter.com/KitcoNewsNOW/status/1694018611529261187,2023-08-22T16:08:04.000Z
https://twitter.com/Rich_Downing/status/1691417532064993280,2023-08-15T11:52:19.000Z
https://twitter.com/Thebigfour_eth/status/1693848936673591352,2023-08-22T04:53:51.000Z
https://twitter.com/sysopai/status/1691491082692136960,2023-08-15T16:44:35.000Z
https://twitter.com/EconomicTimes/status/1693767438268276785,2023-08-21T23:30:00.000Z
https://twitter.com/web3oclock/status/1694212871821869465,2023-08-23T05:00:00.000Z
https://twitter.com/CheekyCrypto/status/1694205408859058376,2023-08-23T04:30:20.000Z
https://twitter.com/ChainFeedsxyz/status/1694188416643318254,2023-08-23T03:22:49.000Z
https://twitter.com/tokenview2018/status/1694178864854180076,2023-08-23T02:44:52.000Z
https://twitter.com/khaiminh_if/status/1694169687020707920,2023-08-23T02:08:24.000Z
https://twitter.com/OrderWatcher_/status/1694152479502450951,2023-08-23T01:00:01.000Z
https://twitter.com/7artistai/status/1694130415529812131,2023-08-22T23:32:21.000Z
https://twitter.com/pdpsingha/status/1694092143302754347,2023-08-22T21:00:16.000Z
https://twitter.com/_Blockchain_NFT/status/1694091207658356745,2023-08-22T20:56:33.000Z
https://twitter.com/gojuonft/status/1694091159012790473,2023-08-22T20:56:21.000Z
https://twitter.com/BTCHabercom/status/1694088319028666479,2023-08-22T20:45:04.000Z
https://twitter.com/cryptoutsiderbr/status/1694085385867903421,2023-08-22T20:33:25.000Z
https://twitter.com/Pelago_Tech/status/1694066910781153599,2023-08-22T19:20:00.000Z
https://twitter.com/palausummit/status/1694060291926147275,2023-08-22T18:53:42.000Z
https://twitter.com/StevenFinGPT/status/1694048715810763084,2023-08-22T18:07:42.000Z
https://twitter.com/CryptoMentionss/status/1694048090355884328,2023-08-22T18:05:13.000Z
https://twitter.com/thedascrypto/status/1694044280732684598,2023-08-22T17:50:05.000Z
https://twitter.com/Ransika2001/status/1694044057398559036,2023-08-22T17:49:11.000Z
https://twitter.com/CryptoMStream/status/1694035540893487461,2023-08-22T17:15:21.000Z
https://twitter.com/HennessyG0D/status/1694035531099775102,2023-08-22T17:15:18.000Z
https://twitter.com/SerenityFund/status/1694030480189083738,2023-08-22T16:55:14.000Z
https://twitter.com/FolorunsoPraise/status/1694025625449771354,2023-08-22T14:08:50.000Z
https://twitter.com/KitcoCrypto/status/1694021370454462763,2023-08-22T16:35:57.000Z
https://twitter.com/moneyonchainES/status/1694020587780272268,2023-08-22T16:19:02.000Z
https://twitter.com/Learn2Earnify/status/1694017455213945093,2023-08-22T16:08:04.000Z
https://twitter.com/OluOmoyele/status/1694013993839403017,2023-08-22T15:53:13.000Z
https://twitter.com/OrcaexLatam/status/1694008113957859563,2023-08-22T15:44:52.000Z
https://twitter.com/Heart_Beacon/status/1693992020870860855,2023-08-22T14:22:25.000Z
https://twitter.com/stabolut/status/1693987423662092325,2023-08-22T14:04:09.000Z
https://twitter.com/assetux/status/1693985732774543500,2023-08-22T13:57:26.000Z
https://twitter.com/dgcryptonews/status/1693985541040251137,2023-08-22T13:56:40.000Z
https://twitter.com/reallyhiro/status/1693984957075750971,2023-08-22T13:54:21.000Z
https://twitter.com/cryptomaten/status/1693983672503083182,2023-08-22T13:49:14.000Z
https://twitter.com/BSCTop7/status/1693981680858480729,2023-08-22T13:41:20.000Z
https://twitter.com/ReginaldLBarnes/status/1693980367483466008,2023-08-22T13:36:06.000Z
https://twitter.com/AYamaltdinov/status/1693980008656859266,2023-08-22T13:34:41.000Z
https://twitter.com/SentinusPrime/status/1693978313717317632,2023-08-22T13:27:57.000Z
https://twitter.com/SentinusPrime/status/1693977542422560909,2023-08-22T13:24:53.000Z
https://twitter.com/towngoblin1/status/1693973690285990215,2023-08-22T13:09:34.000Z
https://twitter.com/dr_etherium/status/1693973526649176511,2023-08-22T13:08:55.000Z
https://twitter.com/fvbankus/status/1693971330499035404,2023-08-22T13:00:12.000Z
https://twitter.com/upto3xyz/status/1693971286324572165,2023-08-22T13:00:01.000Z
https://twitter.com/riyan967/status/1693968852860981346,2023-08-21T20:31:14.000Z
https://twitter.com/web3advisory/status/1693967868130406798,2023-08-22T12:50:21.000Z
https://twitter.com/SenenaW/status/1693963151753236973,2023-08-22T12:46:26.000Z
https://twitter.com/yieldsamurai/status/1693962725230366943,2023-08-22T12:27:42.000Z
https://twitter.com/HannahinWeb3/status/1693957588998656296,2023-08-22T12:26:00.000Z
https://twitter.com/Gotfrie69031149/status/1693956968711332185,2023-08-22T12:05:36.000Z
https://twitter.com/Hoptrail_io/status/1693956402409079130,2023-08-22T10:26:53.000Z
https://twitter.com/99cryptoFR/status/1693955498557493429,2023-08-22T12:03:08.000Z
https://twitter.com/BSCNews/status/1693951178743201910,2023-08-22T12:00:53.000Z
https://twitter.com/GlobianceBR/status/1693949388719030438,2023-08-22T11:40:07.000Z
https://twitter.com/coinscreed/status/1693948650618314875,2023-08-22T11:33:00.000Z
https://twitter.com/Semoto_io/status/1693943899499163731,2023-08-22T11:30:05.000Z
https://twitter.com/DileepSinghGond/status/1693943303312425214,2023-08-22T11:11:12.000Z
https://twitter.com/jing_yuaaaan/status/1693943083233313155,2023-08-22T11:08:50.000Z
https://twitter.com/TradedogCrypto/status/1693942132476875156,2023-08-22T11:04:25.000Z
https://twitter.com/InversionesImp2/status/1693941117354758259,2023-08-22T11:04:10.000Z
https://twitter.com/decryptosector/status/1693938828669816864,2023-08-22T11:00:08.000Z
https://twitter.com/stake2earn/status/1693929205002547315,2023-08-22T10:51:03.000Z
https://twitter.com/DeFiCoins5/status/1693928473696317666,2023-08-22T10:12:48.000Z
https://twitter.com/cmfthomas/status/1693928312576393575,2023-08-22T10:09:16.000Z
https://twitter.com/orbixtar/status/1693927098551853262,2023-08-22T10:04:26.000Z
https://twitter.com/BaSonF9/status/1693926143811084591,2023-08-22T10:00:38.000Z
https://twitter.com/jamiealpha00/status/1693922010030805430,2023-08-22T09:44:13.000Z
https://twitter.com/whattheharsh/status/1693921129780674623,2023-08-22T09:40:43.000Z
https://twitter.com/36Crypto2/status/1693918430355730462,2023-08-22T09:29:59.000Z
https://twitter.com/YannickLegendre/status/1693916195110498413,2023-08-22T09:21:07.000Z
https://twitter.com/AlanenParle/status/1693913836183507313,2023-08-22T09:11:44.000Z
https://twitter.com/CryptoastMedia/status/1693913726150127858,2023-08-22T09:11:18.000Z
https://twitter.com/Beincrypto_DE/status/1693913019762282499,2023-08-22T09:08:29.000Z
https://twitter.com/TrustWallet_Af/status/1693911053657096663,2023-08-22T09:00:41.000Z
https://twitter.com/0xbizcrypto/status/1693909180644798890,2023-08-22T08:53:14.000Z
https://twitter.com/investors_keep/status/1693906974746788318,2023-08-22T08:44:28.000Z
https://twitter.com/investors_keep/status/1693906966135927234,2023-08-22T08:44:26.000Z
https://twitter.com/LBankchinese/status/1693905919539847598,2023-08-22T08:40:17.000Z
https://twitter.com/ShillStreetNews/status/1693896560059248652,2023-08-22T08:03:05.000Z
https://twitter.com/BlockBytesDaily/status/1693896077265736094,2023-08-22T08:01:10.000Z
https://twitter.com/kindle_papa/status/1693895325805875632,2023-08-22T07:58:11.000Z
https://twitter.com/GlobianceTR/status/1693892380418625583,2023-08-22T07:46:29.000Z
https://twitter.com/unlockbc/status/1693888993253790095,2023-07-20T08:43:05.000Z
https://twitter.com/elif_ander81264/status/1693886622142750935,2023-08-22T07:33:01.000Z
https://twitter.com/elif_ander81264/status/1693886615910043954,2023-08-22T07:23:36.000Z
https://twitter.com/elif_ander81264/status/1693886606254694806,2023-08-22T07:23:34.000Z
https://twitter.com/GrowThePie/status/1693886521525346574,2023-08-22T07:23:32.000Z
https://twitter.com/cryptonotices27/status/1693884984208330753,2023-08-22T07:12:52.000Z
https://twitter.com/CrypsP/status/1693884575032676730,2023-08-22T07:17:05.000Z
https://twitter.com/Cryptastic_guy/status/1693884454325174475,2023-08-22T07:14:59.000Z
https://twitter.com/theblazetrends/status/1693880649529348415,2023-08-22T07:07:17.000Z
https://twitter.com/theblazetrends/status/1693880649516781891,2023-08-22T06:59:52.000Z
https://twitter.com/Juz00538663/status/1693879828024291344,2023-08-22T06:59:52.000Z
https://twitter.com/theravenfeed/status/1693878780211966261,2023-08-22T06:56:36.000Z
https://twitter.com/LDNCryptoClub/status/1693877951551447054,2023-08-22T06:49:09.000Z
https://twitter.com/Den2Denver/status/1693875755963273464,2023-08-22T06:40:25.000Z
https://twitter.com/silver_crypt/status/1693874304788967687,2023-08-22T06:34:39.000Z
https://twitter.com/silverscaram/status/1693874083002564963,2023-08-22T06:29:54.000Z
https://twitter.com/scaramooosh1/status/1693873783290130807,2023-08-22T06:33:46.000Z
https://twitter.com/Cryptotvplus/status/1693870023184421284,2023-08-22T06:29:54.000Z
https://twitter.com/Coin_Crux/status/1693869820192661724,2023-08-22T06:32:35.000Z
https://twitter.com/NewsBytesApp/status/1693864546228912271,2023-08-22T05:55:52.000Z
https://twitter.com/coins_fr/status/1693862554341122085,2023-08-22T05:47:58.000Z
https://twitter.com/stabolut/status/1693858787705094478,2023-08-22T05:33:00.000Z
https://twitter.com/GlobianceFR/status/1693857691943202948,2023-08-22T05:28:38.000Z
https://twitter.com/CryptoActu/status/1693856457978978627,2023-08-22T05:23:44.000Z
https://twitter.com/CoinWebKo/status/1693856049768608090,2023-08-22T05:22:07.000Z
https://twitter.com/news0tg/status/1693855213008851184,2023-08-22T05:18:47.000Z
https://twitter.com/TrustInstantAid/status/1693852334994907477,2023-08-22T05:07:21.000Z
https://twitter.com/ThunderSonr/status/1693851710504968282,2023-08-22T05:04:52.000Z
https://twitter.com/CryptoEren77/status/1693847713417396507,2023-08-22T04:48:59.000Z
https://twitter.com/CryptoWinds1/status/1693846237710295264,2023-08-22T04:43:07.000Z
https://twitter.com/lyramystique/status/1693835633209524431,2023-08-21T20:21:21.000Z
https://twitter.com/Bitcoinboy21/status/1693833766039658760,2023-08-22T04:00:59.000Z
https://twitter.com/BreakingWhale/status/1693833362203635964,2023-08-22T03:53:34.000Z
https://twitter.com/CubeCoinCrypto/status/1693822612722618804,2023-08-22T03:51:58.000Z
https://twitter.com/TokenInsight/status/1693820255871934783,2023-08-22T02:59:53.000Z
https://twitter.com/CryptoBreakNews/status/1693814661043425349,2023-08-22T02:37:39.000Z
https://twitter.com/cqonews/status/1693812897980272701,2023-08-22T02:30:39.000Z
https://twitter.com/TrustWallet_Fil/status/1693812736679870829,2023-08-22T02:30:00.000Z
https://twitter.com/KuCoinItalia/status/1693810938598539733,2023-08-22T02:22:51.000Z
https://twitter.com/PenneyArmy/status/1693805154011607058,2023-08-22T01:59:52.000Z
https://twitter.com/GlendaleAg/status/1693802558043906427,2023-08-22T01:49:33.000Z
https://twitter.com/bitvenus_global/status/1693794980194812195,2023-08-22T01:19:27.000Z
https://twitter.com/Cageability_H/status/1693789431436575081,2023-08-22T00:57:24.000Z
https://twitter.com/Baskar_Real/status/1693785026943668428,2023-08-22T00:39:54.000Z
https://twitter.com/InvestingLion/status/1693781998329069842,2023-08-22T00:27:52.000Z
https://twitter.com/InvestingLion/status/1693781912668783043,2023-08-22T00:27:31.000Z
https://twitter.com/TheArtOfTomas/status/1693781392356982988,2023-08-22T00:25:27.000Z
https://twitter.com/ismeidy/status/1693771509662122015,2023-08-21T23:46:11.000Z
https://twitter.com/moneyonchainok/status/1693761245214560441,2023-08-21T23:28:19.000Z
https://twitter.com/ismeidy/status/1693758048991404505,2023-08-05T20:43:45.000Z
https://twitter.com/HP12181/status/1693754812494397536,2023-08-21T22:39:50.000Z
https://twitter.com/MetaTalksMedia/status/1693749811202117841,2023-08-21T22:19:57.000Z
https://twitter.com/thehighlight0/status/1693733251620405624,2023-08-21T20:47:39.000Z
https://twitter.com/spatulacoin/status/1693725462659240399,2023-08-21T21:09:46.000Z
https://twitter.com/AurelianWealth/status/1693723558449443205,2023-08-21T20:43:12.000Z
https://twitter.com/CryptoBoyzVN/status/1693721816215556446,2023-08-21T20:35:38.000Z
https://twitter.com/KumandosX/status/1693721205042204697,2023-08-21T20:28:43.000Z
https://twitter.com/Cryptotvplus/status/1693718146480291999,2023-08-21T20:08:05.000Z
https://twitter.com/EconomicTimes/status/1693714591446942039,2023-08-21T20:14:08.000Z
https://twitter.com/don_cavi/status/1693711254953787817,2023-08-21T20:00:00.000Z
https://twitter.com/robersv/status/1693699491310993411,2023-08-21T19:46:45.000Z
https://twitter.com/webmobyle/status/1693695664654352558,2023-08-21T18:44:48.000Z
https://twitter.com/blockchain_ae/status/1693686217353699471,2023-08-21T18:07:16.000Z
https://twitter.com/intaglio1994/status/1693678347564249166,2023-08-21T17:35:59.000Z
https://twitter.com/Blockcastcc/status/1693677192230863113,2023-08-21T17:31:24.000Z
https://twitter.com/veli_io/status/1693675106281701377,2023-08-21T17:23:06.000Z
https://twitter.com/sectorca/status/1693674322978611659,2023-08-21T17:20:00.000Z
https://twitter.com/WeissCrypto/status/1693672640249041224,2023-08-21T17:13:19.000Z
https://twitter.com/crypto__mak/status/1693667669294366903,2023-08-21T16:53:33.000Z
https://twitter.com/Fearnot_10/status/1693667107282485308,2023-08-21T16:51:19.000Z
https://twitter.com/MandalaEx/status/1693664164068397281,2023-08-21T16:39:38.000Z
https://twitter.com/Cosmideus/status/1693663100237709569,2023-08-21T16:35:24.000Z
https://twitter.com/wangzewei214214/status/1693644719392227658,2023-08-21T15:22:22.000Z
https://twitter.com/wangzewei214214/status/1693642950981439947,2023-08-21T15:15:20.000Z
https://twitter.com/cryptoversidad/status/1693639172500656636,2023-08-21T15:00:19.000Z
https://twitter.com/cryptophilia_io/status/1693637494586171744,2023-08-21T14:53:39.000Z
https://twitter.com/scaramooosh1/status/1693633776327270897,2023-08-21T14:38:53.000Z
https://twitter.com/web3advisory/status/1693632959004242260,2023-08-21T14:34:24.000Z
https://twitter.com/babushka99/status/1693632044491055318,2023-08-21T14:35:38.000Z
https://twitter.com/Sumsubcom/status/1693629783186305341,2023-08-21T14:32:00.000Z
https://twitter.com/CryptoMoney29/status/1693628785940107700,2023-08-21T14:19:03.000Z
https://twitter.com/TorysLLP/status/1693627217572454567,2023-08-21T14:12:49.000Z
https://twitter.com/a3voices/status/1693624263029240310,2023-08-21T14:01:04.000Z
https://twitter.com/srfinanzmann/status/1693616167036891209,2023-08-21T13:28:54.000Z
https://twitter.com/AE9e34/status/1693613896160973264,2023-08-21T13:19:53.000Z
https://twitter.com/speedYboY_618/status/1693609085927883199,2023-08-21T13:00:46.000Z
https://twitter.com/BIntelligence_/status/1693600083890352486,2023-08-21T12:25:00.000Z
https://twitter.com/DppCrypto/status/1693593984868733125,2023-08-21T12:00:46.000Z
https://twitter.com/DianaEth_/status/1693584604333265330,2023-08-21T11:23:29.000Z
https://twitter.com/EthFidelia/status/1693582996031545656,2023-08-21T11:17:06.000Z
https://twitter.com/FintechSIN/status/1693574656135946474,2023-08-21T10:43:57.000Z
https://twitter.com/dinoralopez627/status/1693574520865427702,2023-08-21T10:43:25.000Z
https://twitter.com/TokenTimes_/status/1693573584734572937,2023-08-21T10:39:42.000Z
https://twitter.com/RepublicBiz/status/1693568444841841121,2023-08-21T10:19:16.000Z
https://twitter.com/coincarpcom/status/1693566185869340779,2023-08-21T10:10:18.000Z
https://twitter.com/0xMinor_eth/status/1693554699729879416,2023-08-21T09:24:39.000Z
https://twitter.com/babushka99/status/1693554458016317786,2023-08-21T09:23:42.000Z
https://twitter.com/ThangNgocPhan/status/1693552475029246272,2023-08-21T09:15:49.000Z
https://twitter.com/TutorialCrypto_/status/1693546879177331081,2023-08-21T08:53:35.000Z
https://twitter.com/MelcomCopeland/status/1693542970744856727,2023-08-21T08:38:03.000Z
https://twitter.com/BitcoinBude/status/1693539422506045465,2023-08-21T08:23:57.000Z
https://twitter.com/CryptoFolioES/status/1693533876767846821,2023-08-21T08:01:55.000Z
https://twitter.com/Truly_TUSD/status/1693533402840858944,2023-08-21T08:00:02.000Z
https://twitter.com/Scryptosolution/status/1693532003780678133,2023-08-21T07:54:28.000Z
https://twitter.com/O414141/status/1693522500414742962,2023-08-21T07:16:42.000Z
https://twitter.com/bitrishexchange/status/1693518991086453218,2023-08-21T07:02:46.000Z
https://twitter.com/poorcoinsays/status/1693509380816179707,2023-08-21T06:24:34.000Z
https://twitter.com/blockskycrypto/status/1693505133995491703,2023-08-21T06:07:42.000Z
https://twitter.com/itznish/status/1693504977967169726,2023-08-21T06:07:05.000Z
https://twitter.com/NewsBytesApp/status/1693503528533385342,2023-08-21T06:01:19.000Z
https://twitter.com/lord_zyre/status/1693491925515473290,2023-08-21T05:15:13.000Z
https://twitter.com/Regtank_/status/1693489814988079413,2023-08-21T05:06:50.000Z
https://twitter.com/tradersmaster_/status/1693486073954136434,2023-08-21T04:51:58.000Z
https://twitter.com/TronDao_AR/status/1693472754027188687,2023-08-21T03:59:02.000Z
https://twitter.com/Followinvietnam/status/1693469943432688034,2023-08-20T22:42:38.000Z
https://twitter.com/hodlifyapp/status/1693465479858544701,2023-08-21T03:47:52.000Z
https://twitter.com/TronDao_ESP/status/1693461131162247462,2023-08-21T03:12:51.000Z
https://twitter.com/trondao/status/1693393129393492015,2023-08-20T22:42:38.000Z
https://twitter.com/OrderWatcher_/status/1693382402133913812,2023-08-20T22:00:00.000Z
https://twitter.com/Velvet_Capital/status/1693366936967504296,2023-08-20T20:58:33.000Z
https://twitter.com/decryptosector/status/1693358005449011402,2023-08-20T20:23:04.000Z
https://twitter.com/aadycrypto/status/1693352347840479347,2023-08-20T20:00:35.000Z
https://twitter.com/QuickswapDEX/status/1693351506144051539,2023-08-20T19:57:14.000Z
https://twitter.com/Lobaka5/status/1693340569752268813,2023-08-20T19:13:47.000Z
https://twitter.com/WinvestTogether/status/1693337728044220600,2023-08-19T11:00:19.000Z
https://twitter.com/dickson1kk/status/1693325933845917936,2023-08-20T18:25:19.000Z
https://twitter.com/HarishSukhavasi/status/1693320611140096020,2023-08-20T18:15:37.000Z
https://twitter.com/MTSajid2/status/1693315932570153259,2023-08-20T17:54:28.000Z
https://twitter.com/Erdinherdiansy7/status/1693307150062506298,2023-08-20T17:00:59.000Z
https://twitter.com/nikittachain/status/1693298676322488484,2023-08-20T16:27:19.000Z
https://twitter.com/EddyCheng168/status/1693293909160374310,2023-08-20T16:08:22.000Z
https://twitter.com/LcademyJob/status/1693279866949714093,2023-08-20T15:12:34.000Z
https://twitter.com/decryptosector/status/1693275954905595978,2023-08-20T14:57:01.000Z
https://twitter.com/DefiOverview/status/1693269873323896869,2023-08-20T14:32:51.000Z
https://twitter.com/WorldCoinClear/status/1693264623435170140,2023-08-20T14:12:00.000Z
https://twitter.com/msrteran/status/1693259918487265652,2023-08-20T13:53:18.000Z
https://twitter.com/i_patricius/status/1693253019125662139,2023-08-20T13:25:53.000Z
https://twitter.com/TokamakTX/status/1693249424275767753,2023-08-20T13:11:36.000Z
https://twitter.com/Demon_Chain/status/1693248262558658724,2023-08-20T13:06:59.000Z
https://twitter.com/robersv/status/1693246505128464856,2023-08-20T13:00:00.000Z
https://twitter.com/KriptoQuennn/status/1693242603758608607,2023-08-20T12:44:30.000Z
https://twitter.com/coinstronauts/status/1693238984187781455,2023-08-20T12:30:07.000Z
https://twitter.com/moralb_1/status/1693214232769118488,2023-08-20T10:51:46.000Z
https://twitter.com/thecrypto_dave/status/1693212544247181811,2023-08-20T10:45:03.000Z
https://twitter.com/PJ_cryptotrade/status/1693212208635781289,2023-08-16T13:59:44.000Z
https://twitter.com/SolarDAODAO/status/1693210692017402015,2023-08-20T10:43:43.000Z
https://twitter.com/kuzeypiyasasi/status/1693192866925777334,2023-08-20T10:19:14.000Z
https://twitter.com/FlyDragon512/status/1693186113673007217,2023-08-20T09:26:52.000Z
https://twitter.com/CODEESTLEXIII/status/1693175995539333344,2023-08-20T08:19:49.000Z
https://twitter.com/psyeeshnarvekar/status/1693171360284188980,2023-08-20T08:01:24.000Z
https://twitter.com/Truly_TUSD/status/1693171006482051451,2023-08-20T08:00:00.000Z
https://twitter.com/Kriptosias/status/1693169780986102040,2023-08-20T07:55:08.000Z
https://twitter.com/KadenaSpaceMan/status/1693167721134121313,2023-08-20T07:46:56.000Z
https://twitter.com/CryptoNewsBuz/status/1693161802895434215,2023-08-19T17:00:05.000Z
https://twitter.com/BiMatD0/status/1693143520444559761,2023-08-20T06:17:20.000Z
https://twitter.com/BiMatD0/status/1693143517504340457,2023-08-20T06:10:47.000Z
https://twitter.com/sapacoldbtc/status/1693138804079796639,2023-08-20T06:10:46.000Z
https://twitter.com/fluidgains/status/1693136546751455324,2023-08-20T05:52:02.000Z
https://twitter.com/FlyDragon512/status/1693125711442170346,2023-08-20T05:00:01.000Z
https://twitter.com/FedNet/status/1693106833886519661,2023-08-20T03:45:00.000Z
https://twitter.com/AlphaX_Labs/status/1693084704864698746,2023-08-20T02:17:04.000Z
https://twitter.com/pHrauzHer/status/1693050346720166347,2023-08-20T00:00:32.000Z
https://twitter.com/CryptoMStream/status/1693029247613354426,2023-08-19T22:36:42.000Z
https://twitter.com/_AbelTranson/status/1693025638452518931,2023-08-19T22:22:21.000Z
https://twitter.com/michothot/status/1693014394823717041,2023-08-19T21:37:41.000Z
https://twitter.com/MervynNFTHH/status/1692999361892876538,2023-08-19T20:37:56.000Z
https://twitter.com/Afritab/status/1692978956423606676,2023-08-19T19:16:51.000Z
https://twitter.com/DefiOverview/status/1692962465670164758,2023-08-19T18:11:20.000Z
https://twitter.com/Gipsy2Crypto/status/1692959992918294910,2023-08-19T18:01:30.000Z
https://twitter.com/SempsunAI/status/1692959615158530199,2023-08-19T18:00:00.000Z
https://twitter.com/CubeCoinCrypto/status/1692958066399170635,2023-08-19T17:53:51.000Z
https://twitter.com/BushOrangutan/status/1692945045035643316,2023-08-19T17:02:06.000Z
https://twitter.com/Maw34984/status/1692941430790955069,2023-08-19T16:47:45.000Z
https://twitter.com/BitcoinBazis/status/1692939247542587398,2023-08-19T16:39:04.000Z
https://twitter.com/cryptowini23/status/1692938106985693616,2023-08-19T16:34:32.000Z
https://twitter.com/LaydenRobinson/status/1692935766249296145,2023-08-19T16:25:14.000Z
https://twitter.com/omagarjua/status/1692916530470588422,2023-08-19T15:08:48.000Z
https://twitter.com/tapchibtc_io/status/1692913310101111175,2023-08-19T14:56:00.000Z
https://twitter.com/Thng15135866/status/1692910099894096183,2023-08-19T14:43:15.000Z
https://twitter.com/CryptoMKT/status/1692908435828830220,2023-08-19T14:36:38.000Z
https://twitter.com/blockchainrptr/status/1692906583754207493,2023-08-19T14:29:16.000Z
https://twitter.com/SSWCrypto/status/1692898106008813583,2023-08-19T13:55:35.000Z
https://twitter.com/0xthobtc/status/1692895185758527514,2023-08-19T13:19:18.000Z
https://twitter.com/blogtienao_com/status/1692887716730695847,2023-08-19T13:43:59.000Z
https://twitter.com/rjsohan111/status/1692873778421018873,2023-08-19T12:18:55.000Z
https://twitter.com/DhaniyaRambilas/status/1692872405650415831,2023-08-19T12:13:28.000Z
https://twitter.com/CrispyBaco632/status/1692871408345321570,2023-08-19T12:09:30.000Z
https://twitter.com/Usmanbtc/status/1692871253378679057,2023-08-19T12:08:53.000Z
https://twitter.com/MarketsBlock/status/1692869276791644197,2023-08-19T12:01:02.000Z
https://twitter.com/defi_sunio/status/1694239867310600412,2023-08-23T06:47:16.000Z
